{
  "loss": [
    0.3191048800945282
  ],
  "auc_roc": [
    0.603996992111206
  ],
  "auc_pr": [
    0.13488218188285828
  ],
  "val_loss": [
    0.2950505316257477
  ],
  "val_auc_roc": [
    0.6179407835006714
  ],
  "val_auc_pr": [
    0.13287143409252167
  ]
}