{
  "epoch": 1,
  "logs": {
    "loss": 0.29383164644241333,
    "auc_roc": 0.6554570198059082,
    "auc_pr": 0.17915813624858856,
    "val_loss": 0.31271791458129883,
    "val_auc_roc": 0.6266568303108215,
    "val_auc_pr": 0.13706021010875702
  }
}